Filename,RowCount
314_www.themontynews.org_.csv,249
305_www.rcan.org_the-catholic-advocate.csv,2
180_www.tygodnikplus.com.csv,2
0_rennamedia.com_publications_berkeley-heights-community-news_.csv,2
236_medium.com_the-williamstown-sun.csv,16
274_wsus1023.iheart.com_.csv,142
170_www.theridernews.com.csv,479
248_www.tapinto.net_towns_berkeley-heights_.csv,2
40_radio.rutgers.edu_.csv,50
312_www.theepochtimes.com_.csv,2543
204_943thepoint.com_.csv,1360
51_thenjsentinel.com_.csv,363
239_nepszava.us.csv,2
155_www.spartaindependent.com_.csv,126
232_literock969.com_.csv,922
328_www.wvlt.com_.csv,7
93_patch.com_new-jersey_mendham-chester.csv,182
108_patch.com_new-jersey_southbrunswick.csv,199
82_patch.com_new-jersey_hopatcong-sparta.csv,165
119_patch.com_new-jersey_westwood-hillsdale.csv,148
251_princetoninfo.com_.csv,2
192_www.mainlinemedianews.com_mainlinesuburbanlife_.csv,8
202_6abc.com_.csv,3021
248_philadelphia.cbslocal.com_.csv,540
47_thecoaster.net_wordpress_.csv,98
290_www.tapinto.net_towns_paterson_.csv,3
52_thepakistaninewspaper.com_.csv,2
242_www.pressofatlanticcity.com_currents_gazettes_upper_township_.csv,8
291_www.irishecho.com.csv,212
137_dailyvoice.com_new-jersey_northpassaic.csv,451
115_patch.com_new-jersey_watchung-greenbrook.csv,121
249_www.tapinto.net_towns_bloomfield_.csv,2
246_www.tapinto.net_towns_bayonne_.csv,3
232_www.northjersey.com_.csv,3803
140_dailyvoice.com_new-jersey_ridgefieldpark.csv,469
97_www.hammontongazette.com_.csv,3
241_newjerseyglobe.com_.csv,1129
78_patch.com_new-jersey_fairlawn-saddlebrook.csv,146
128_dailyvoice.com_new-jersey_englewood.csv,306
74_www.anointedonline.net_.csv,2
133_dailyvoice.com_new-jersey_lyndhurst.csv,293
255_southjerseyobserver.com_.csv,2
15_rennamedia.com_publications_spirit-of-union_.csv,2
162_www.thecore.fm_public_index.php.csv,2
272_wpst.com_.csv,1008
299_www.ntd.tv.csv,2
88_patch.com_new-jersey_longvalley.csv,193
296_www.nbcphiladelphia.com_.csv,1913
156_www.starandwave.com.csv,2
138_dailyvoice.com_new-jersey_paramus.csv,311
296_www.tapinto.net_towns_roxbury_.csv,2
2_rennamedia.com_publications_cranford-monthly_.csv,2
88_www.dirt-mag.com_.csv,73
322_www.wliw.org_.csv,21
105_patch.com_new-jersey_riverdell.csv,138
86_patch.com_new-jersey_littlesilver.csv,90
99_patch.com_new-jersey_newprovidence.csv,130
97_patch.com_new-jersey_newbrunswick.csv,244
188_www.westmilfordmessenger.com_.csv,142
89_patch.com_new-jersey_manchester-nj.csv,157
109_patch.com_new-jersey_southorange.csv,115
173_www.townshipjournal.com_.csv,144
87_patch.com_new-jersey_longbranch.csv,177
252_savejersey.com_.csv,238
113_patch.com_new-jersey_verona.csv,117
311_www.thedrewacorn.com_.csv,35
271_wpgtalkradio.com_.csv,1394
286_www.goleader.com_.csv,28
112_patch.com_new-jersey_triboro.csv,121
159_www.tcnjsignal.net.csv,367
76_patch.com_new-jersey_asbury-park.csv,166
107_www.koreadailyus.com_.csv,49
1_rennamedia.com_publications_clark-monthly_.csv,2
120_www.my9nj.com.csv,10
143_dailyvoice.com_new-jersey_saddlebrook.csv,425
80_patch.com_new-jersey_haddon.csv,167
282_www.courierpostonline.com_.csv,1938
301_www.phillyvoice.com_.csv,1330
139_dailyvoice.com_new-jersey_pascackvalley.csv,339
240_www.pressofatlanticcity.com_currents_gazettes_pleasantville_absecon_.csv,7
59_wbjb.org_home.php_.csv,5
214_brigantinenow.com_.csv,12
242_newstalk990.com_.csv,40
85_patch.com_new-jersey_lakewood-nj.csv,88
275_wurdradio.com_.csv,3
244_www.tapinto.net_towns_barnegat-slash-waretown_.csv,3
6_rennamedia.com_publications_life-in-kenilworth_.csv,2
145_www.rahwayrising.com_.csv,148
235_medium.com_the-mantua-sun.csv,12
1_987thecoast.com_.csv,2
116_patch.com_new-jersey_west-windsor.csv,86
67_www.1077thebronc.com_.csv,4
211_baristanet.com.csv,326
103_patch.com_new-jersey_randolph.csv,84
290_www.irishcentral.com_.csv,1289
264_thepositivecommunity.com_.csv,306
207_am970theanswer.com_.csv,136
303_www.posteaglenewspaper.com_.csv,170
224_fduequinox.wordpress.com_.csv,269
246_njjewishnews.timesofisrael.com_.csv,595
196_www.wsou.net_.csv,32
237_montclairdispatch.com.csv,117
183_www.urbanagendamagazine.com_.csv,104
8_rennamedia.com_publications_long-hill-leader_.csv,2
243_newtownpress.com_.csv,305
293_www.law.com_thelegalintelligencer_.csv,122
115_www.mcccvoice.org_.csv,55
114_patch.com_new-jersey_wall.csv,129
109_www.lavocedinewyork.com_en_.csv,157
195_www.mycentraljersey.com_.csv,3007
200_1057thehawk.com_.csv,1442
235_www.pressofatlanticcity.com_currents_gazettes_egg_harbor_township_.csv,23
225_forward.com_.csv,489
65_wondradio.com_.csv,45
331_mybeachradio.com_.csv,1179
126_dailyvoice.com_new-jersey_cliffsidepark_.csv,1018
70_www.ahherald.com_.csv,113
84_patch.com_new-jersey_jersey-city.csv,171
83_patch.com_new-jersey_hopewell-pennington.csv,54
257_starnewsgroup.com_.csv,16
288_www.indiaabroad.com.csv,3
269_wmbctv.com_.csv,6
285_www.gloucestercitynews.net_clearysnotebook_gloucester_city_news_.csv,3
226_gothictimes.net_.csv,2
100_patch.com_new-jersey_oceancity.csv,211
31_njrevolutionradio.com_.csv,115
146_dailyvoice.com_new-jersey_wyckoff.csv,371
91_patch.com_new-jersey_marlboro-coltsneck.csv,114
250_pocono967.com_.csv,6
77_patch.com_new-jersey_edison-metuchen.csv,142
132_dailyvoice.com_new-jersey_hackensack.csv,497
306_www.recordonline.com_.csv,163
283_www.divyabhaskar.co.in.csv,3
13_rennamedia.com_publications_peterstown-nj_.csv,2
292_www.jewishlinknj.com_.csv,302
308_www.southjerseybiz.net_.csv,110
104_www.jerseyvoices.com.csv,28
223_essexnewsdaily.com_.csv,257
326_www.wqxr.org_.csv,15
273_wputimes.wordpress.com_.csv,101
117_patch.com_new-jersey_westdeptford.csv,210
36_pinebarrenstribune.com_.csv,98
256_southphillyreview.com_.csv,359
222_eccobserverdotcom.wordpress.com_.csv,18
249_phl17.com_.csv,156
216_cccvoice.wordpress.com_.csv,117
98_patch.com_new-jersey_newmilford-nj.csv,138
85_www.dailyprincetonian.com.csv,118
307_www.shorelocalnews.com_.csv,211
127_dailyvoice.com_new-jersey_cresskill.csv,299
219_countywatchers.wordpress.com_.csv,27
270_wobm.com_.csv,1386
240_newjerseybuzz.com_.csv,8
229_hudsoncountyview.com_.csv,336
99_www.hobokenhorse.com_.csv,81
43_somore.org_.csv,3
280_www.civicstory.org.csv,6
102_patch.com_new-jersey_ramsey-nj.csv,151
110_patch.com_new-jersey_summit.csv,279
135_dailyvoice.com_new-jersey_northernhighlands.csv,344
136_dailyvoice.com_new-jersey_northernvalley.csv,342
228_hellenicnews.com_.csv,219
141_dailyvoice.com_new-jersey_ridgewood.csv,361
167_www.theobserver.com_.csv,67
317_www.visionsnewspaper.com_.csv,2
125_www.newsindiatimes.com.csv,2
188_www.jerseyshoreonline.com_.csv,363
254_sojo1049.com_.csv,863
81_patch.com_new-jersey_holmdel-hazlet.csv,220
125_dailyvoice.com_new-jersey_bergenfield.csv,427
133_www.ocsentinel.com_.csv,2
160_www.the-gazette-newspaper.com_.csv,2
10_rennamedia.com_publications_mountainside-view_.csv,2
58_unionnewsdaily.com.csv,2
150_www.roi-nj.com_.csv,248
212_www.newjerseyhills.com_observer-tribune_.csv,261
281_www.classicoldieswmid.com_.csv,61
141_www.princetonmagazine.com_.csv,143
11_brick.shorebeat.com.csv,180
231_latribunanj.com_.csv,3
134_dailyvoice.com_new-jersey_mahwah.csv,334
129_dailyvoice.com_new-jersey_fairlawn.csv,331
239_www.pressofatlanticcity.com_currents_gazettes_middle_township_.csv,27
142_dailyvoice.com_new-jersey_rutherford.csv,303
309_www.telemundo47.com_.csv,2
297_www.njpen.com.csv,285
28_mycommunitysource.com.csv,144
79_patch.com_new-jersey_flemington.csv,160
130_dailyvoice.com_new-jersey_fortlee.csv,430
329_www.wwfm.org_.csv,125
29_newjersey.news12.com_.csv,480
330_www1.nyc.gov_site_media_radio_radio-home.page.csv,2
104_patch.com_new-jersey_redbank.csv,154
250_www.tapinto.net_towns_bridgewater-slash-raritan_.csv,2
279_www.tapinto.net_towns_morristown_.csv,2
17_gujaratdarpan.com.csv,24
95_patch.com_new-jersey_middletown-nj.csv,238
238_www.pressofatlanticcity.com_currents_gazettes_mainland_.csv,35
144_dailyvoice.com_new-jersey_southpassaic_.csv,495
234_www.pressofatlanticcity.com_currents_gazettes_downbeach_.csv,17
323_www.wlvt.org_.csv,7
94_patch.com_new-jersey_middlesex.csv,85
118_patch.com_new-jersey_westorange.csv,184
120_medium.com_the-mantua-sun.csv,13
193_www.mainlinemedianews.com_mainlinetimes_.csv,8
90_patch.com_new-jersey_manville.csv,135
145_dailyvoice.com_new-jersey_teaneck.csv,322
315_www.wnyc.org_.csv,9
131_dailyvoice.com_new-jersey_garfield.csv,327
221_downbeachbuzz.com_.csv,2
96_patch.com_new-jersey_morris.csv,356
92_patch.com_new-jersey_matawan-aberdeen.csv,182
316_www.tristatevoice.com_.csv,44
12_rennamedia.com_publications_our-town-rahway_.csv,2
66_wtsr.org_.csv,2
315_www.theyeshivaworld.com_.csv,474
121_medium.com_the-williamstown-sun.csv,16
106_patch.com_new-jersey_scotchplains.csv,194
174_www.towntopics.com.csv,291
111_patch.com_new-jersey_tomsriver.csv,252
203_920thejersey.com_.csv,103
236_www.pressofatlanticcity.com_currents_gazettes_galloway_township_.csv,23
158_www.stocktonargo.com.csv,2
107_patch.com_new-jersey_secaucus.csv,121
245_njbmagazine.com_.csv,233
237_www.pressofatlanticcity.com_currents_gazettes_hamilton_township_.csv,17
7_rennamedia.com_publications_life-in-linden_.csv,2
276_www.951wayv.com_.csv,58
101_patch.com_new-jersey_pointpleasant.csv,239
